index,wav1,wav2,wav3,wav4,wav5,wav6,wav7,wav8,wav9,wav10,wav11,wav12,wav13,wav14,wav15,wav16,wav17,wav18
1,003024.wav,003025.wav,,,,,,,,,,,,,,,,
2,003540.wav,003576.wav,,,,,,,,,,,,,,,,
3,004143.wav,004151.wav,004144.wav,004152.wav,,,,,,,,,,,,,,
4,001245.wav,001246.wav,,,,,,,,,,,,,,,,
5,002762.wav,002810.wav,,,,,,,,,,,,,,,,
6,003585.wav,003549.wav,,,,,,,,,,,,,,,,
7,002824.wav,002776.wav,,,,,,,,,,,,,,,,
8,002139.wav,002138.wav,002140.wav,,,,,,,,,,,,,,,
9,004924.wav,004923.wav,,,,,,,,,,,,,,,,
10,001635.wav,001636.wav,,,,,,,,,,,,,,,,
11,002654.wav,002676.wav,,,,,,,,,,,,,,,,
12,003738.wav,003670.wav,,,,,,,,,,,,,,,,
13,003860.wav,003861.wav,,,,,,,,,,,,,,,,
14,001645.wav,001655.wav,001666.wav,,,,,,,,,,,,,,,
15,004107.wav,004105.wav,004106.wav,,,,,,,,,,,,,,,
16,003598.wav,003562.wav,,,,,,,,,,,,,,,,
17,002131.wav,002130.wav,002134.wav,002133.wav,002132.wav,,,,,,,,,,,,,
18,000979.wav,000986.wav,,,,,,,,,,,,,,,,
19,001700.wav,001719.wav,001730.wav,001729.wav,001701.wav,,,,,,,,,,,,,
20,003198.wav,003187.wav,003220.wav,003222.wav,003231.wav,003197.wav,003230.wav,003189.wav,,,,,,,,,,
21,000133.wav,000144.wav,,,,,,,,,,,,,,,,
22,002934.wav,002885.wav,,,,,,,,,,,,,,,,
23,003142.wav,003160.wav,003118.wav,,,,,,,,,,,,,,,
24,001431.wav,001430.wav,,,,,,,,,,,,,,,,
25,001713.wav,001695.wav,001711.wav,001694.wav,001704.wav,001712.wav,001714.wav,001693.wav,,,,,,,,,,
26,002124.wav,002125.wav,,,,,,,,,,,,,,,,
27,000486.wav,000477.wav,,,,,,,,,,,,,,,,
28,000054.wav,000055.wav,,,,,,,,,,,,,,,,
29,003166.wav,003124.wav,003128.wav,,,,,,,,,,,,,,,
30,000937.wav,002633.wav,002610.wav,,,,,,,,,,,,,,,
31,004188.wav,001678.wav,,,,,,,,,,,,,,,,
32,004185.wav,004183.wav,004161.wav,004174.wav,,,,,,,,,,,,,,
33,004189.wav,004173.wav,004190.wav,004172.wav,004171.wav,,,,,,,,,,,,,
34,003486.wav,003531.wav,,,,,,,,,,,,,,,,
35,003458.wav,003503.wav,,,,,,,,,,,,,,,,
36,002695.wav,002727.wav,,,,,,,,,,,,,,,,
37,002295.wav,004306.wav,002294.wav,002293.wav,004305.wav,,,,,,,,,,,,,
38,003381.wav,003371.wav,003353.wav,003363.wav,,,,,,,,,,,,,,
39,002904.wav,002855.wav,,,,,,,,,,,,,,,,
40,003455.wav,003500.wav,,,,,,,,,,,,,,,,
41,004496.wav,004575.wav,,,,,,,,,,,,,,,,
42,002479.wav,002454.wav,002465.wav,002466.wav,002453.wav,002452.wav,002478.wav,,,,,,,,,,,
43,004883.wav,004884.wav,,,,,,,,,,,,,,,,
44,002416.wav,002541.wav,002417.wav,002540.wav,002532.wav,,,,,,,,,,,,,
45,001686.wav,001687.wav,,,,,,,,,,,,,,,,
46,000111.wav,000109.wav,000108.wav,000110.wav,,,,,,,,,,,,,,
47,002229.wav,002230.wav,,,,,,,,,,,,,,,,
48,002178.wav,002179.wav,,,,,,,,,,,,,,,,
49,002922.wav,002873.wav,,,,,,,,,,,,,,,,
50,003674.wav,003741.wav,003742.wav,003675.wav,,,,,,,,,,,,,,
51,004948.wav,004947.wav,,,,,,,,,,,,,,,,
52,002926.wav,002877.wav,,,,,,,,,,,,,,,,
53,003638.wav,003626.wav,003618.wav,003606.wav,003609.wav,003629.wav,,,,,,,,,,,,
54,002699.wav,002731.wav,,,,,,,,,,,,,,,,
55,002595.wav,002578.wav,,,,,,,,,,,,,,,,
56,000942.wav,002615.wav,002638.wav,,,,,,,,,,,,,,,
57,003858.wav,003824.wav,,,,,,,,,,,,,,,,
58,004363.wav,004385.wav,004362.wav,,,,,,,,,,,,,,,
59,002512.wav,002242.wav,002235.wav,002241.wav,,,,,,,,,,,,,,
60,001969.wav,001968.wav,,,,,,,,,,,,,,,,
61,002518.wav,002497.wav,002496.wav,002505.wav,002507.wav,,,,,,,,,,,,,
62,002437.wav,002401.wav,002548.wav,002411.wav,002561.wav,002424.wav,002535.wav,002562.wav,002425.wav,002413.wav,002524.wav,002400.wav,002412.wav,002549.wav,002536.wav,002525.wav,002537.wav,002438.wav
63,003559.wav,003595.wav,,,,,,,,,,,,,,,,
64,000940.wav,002636.wav,002613.wav,,,,,,,,,,,,,,,
65,004492.wav,004571.wav,,,,,,,,,,,,,,,,
66,004834.wav,004835.wav,,,,,,,,,,,,,,,,
67,003657.wav,003725.wav,,,,,,,,,,,,,,,,
68,002851.wav,002900.wav,,,,,,,,,,,,,,,,
69,003682.wav,003751.wav,003750.wav,003749.wav,003683.wav,003681.wav,003747.wav,003679.wav,,,,,,,,,,
70,001040.wav,001041.wav,,,,,,,,,,,,,,,,
71,003490.wav,003445.wav,,,,,,,,,,,,,,,,
72,003290.wav,003269.wav,003312.wav,003333.wav,,,,,,,,,,,,,,
73,002226.wav,002227.wav,002225.wav,,,,,,,,,,,,,,,
74,002317.wav,002337.wav,,,,,,,,,,,,,,,,
75,004115.wav,004118.wav,004119.wav,004124.wav,004120.wav,004116.wav,004117.wav,004121.wav,004114.wav,,,,,,,,,
76,001657.wav,001665.wav,001647.wav,,,,,,,,,,,,,,,
77,002798.wav,002750.wav,,,,,,,,,,,,,,,,
78,004047.wav,004307.wav,004304.wav,002292.wav,002167.wav,,,,,,,,,,,,,
79,001721.wav,001725.wav,001706.wav,001702.wav,001722.wav,001726.wav,,,,,,,,,,,,
80,002698.wav,002730.wav,,,,,,,,,,,,,,,,
81,003765.wav,003697.wav,,,,,,,,,,,,,,,,
82,004759.wav,004758.wav,,,,,,,,,,,,,,,,
83,002432.wav,002405.wav,002556.wav,002431.wav,,,,,,,,,,,,,,
84,002215.wav,002216.wav,,,,,,,,,,,,,,,,
85,000036.wav,000044.wav,000045.wav,000037.wav,000046.wav,000035.wav,,,,,,,,,,,,
86,003711.wav,003779.wav,,,,,,,,,,,,,,,,
87,004877.wav,004864.wav,004865.wav,,,,,,,,,,,,,,,
88,004379.wav,004367.wav,004378.wav,004366.wav,,,,,,,,,,,,,,
89,001387.wav,001388.wav,001385.wav,001380.wav,001381.wav,001384.wav,001382.wav,001383.wav,001386.wav,,,,,,,,,
90,003640.wav,003620.wav,,,,,,,,,,,,,,,,
91,000429.wav,000430.wav,000428.wav,,,,,,,,,,,,,,,
92,004832.wav,004831.wav,,,,,,,,,,,,,,,,
93,004102.wav,004104.wav,,,,,,,,,,,,,,,,
94,003592.wav,003556.wav,,,,,,,,,,,,,,,,
95,003321.wav,003295.wav,003278.wav,003338.wav,003342.wav,003341.wav,003299.wav,003345.wav,,,,,,,,,,
96,002954.wav,002991.wav,002967.wav,003004.wav,,,,,,,,,,,,,,
97,002684.wav,002662.wav,,,,,,,,,,,,,,,,
98,002436.wav,002560.wav,002399.wav,002402.wav,002423.wav,002523.wav,002526.wav,002539.wav,002415.wav,002547.wav,002410.wav,,,,,,,
99,003522.wav,003477.wav,,,,,,,,,,,,,,,,
100,003625.wav,003605.wav,,,,,,,,,,,,,,,,
101,000323.wav,004822.wav,,,,,,,,,,,,,,,,
102,002777.wav,002825.wav,,,,,,,,,,,,,,,,
103,002758.wav,002806.wav,,,,,,,,,,,,,,,,
104,002254.wav,002255.wav,,,,,,,,,,,,,,,,
105,001699.wav,001718.wav,,,,,,,,,,,,,,,,
106,002516.wav,002517.wav,,,,,,,,,,,,,,,,
107,002772.wav,002820.wav,,,,,,,,,,,,,,,,
108,000018.wav,000024.wav,000019.wav,,,,,,,,,,,,,,,
109,003653.wav,003721.wav,,,,,,,,,,,,,,,,
110,003847.wav,003821.wav,003834.wav,,,,,,,,,,,,,,,
111,003446.wav,003491.wav,,,,,,,,,,,,,,,,
112,000407.wav,000419.wav,,,,,,,,,,,,,,,,
113,002320.wav,002321.wav,,,,,,,,,,,,,,,,
114,003909.wav,003932.wav,,,,,,,,,,,,,,,,
115,003463.wav,003508.wav,,,,,,,,,,,,,,,,
116,002902.wav,002853.wav,,,,,,,,,,,,,,,,
117,003242.wav,003253.wav,,,,,,,,,,,,,,,,
118,002713.wav,002745.wav,,,,,,,,,,,,,,,,
119,003379.wav,003351.wav,003369.wav,003361.wav,,,,,,,,,,,,,,
120,004537.wav,004547.wav,004536.wav,004525.wav,004524.wav,,,,,,,,,,,,,
121,003535.wav,003571.wav,,,,,,,,,,,,,,,,
122,004540.wav,004542.wav,004541.wav,,,,,,,,,,,,,,,
123,004280.wav,004279.wav,,,,,,,,,,,,,,,,
124,002949.wav,002999.wav,002962.wav,002986.wav,,,,,,,,,,,,,,
125,002153.wav,002154.wav,,,,,,,,,,,,,,,,
126,003732.wav,003664.wav,,,,,,,,,,,,,,,,
127,004558.wav,003223.wav,003190.wav,,,,,,,,,,,,,,,
128,004978.wav,004976.wav,004977.wav,,,,,,,,,,,,,,,
129,002546.wav,002422.wav,002534.wav,,,,,,,,,,,,,,,
130,002795.wav,002843.wav,,,,,,,,,,,,,,,,
131,000455.wav,000456.wav,000441.wav,000457.wav,000442.wav,,,,,,,,,,,,,
132,001352.wav,001366.wav,,,,,,,,,,,,,,,,
133,002634.wav,002611.wav,000938.wav,,,,,,,,,,,,,,,
134,002890.wav,002939.wav,,,,,,,,,,,,,,,,
135,000930.wav,002603.wav,002626.wav,,,,,,,,,,,,,,,
136,004819.wav,004806.wav,,,,,,,,,,,,,,,,
137,004298.wav,004299.wav,002288.wav,002287.wav,004321.wav,002299.wav,004310.wav,002310.wav,,,,,,,,,,
138,002375.wav,002373.wav,,,,,,,,,,,,,,,,
139,001509.wav,001508.wav,001510.wav,,,,,,,,,,,,,,,
140,004418.wav,004417.wav,004412.wav,,,,,,,,,,,,,,,
141,002460.wav,002461.wav,002467.wav,002480.wav,,,,,,,,,,,,,,
142,002785.wav,002833.wav,002839.wav,002815.wav,002791.wav,002767.wav,,,,,,,,,,,,
143,003587.wav,003551.wav,,,,,,,,,,,,,,,,
144,004287.wav,004272.wav,,,,,,,,,,,,,,,,
145,002957.wav,002994.wav,,,,,,,,,,,,,,,,
146,003411.wav,003441.wav,,,,,,,,,,,,,,,,
147,004686.wav,004685.wav,004703.wav,004700.wav,004701.wav,004687.wav,004702.wav,004688.wav,,,,,,,,,,
148,004261.wav,004262.wav,,,,,,,,,,,,,,,,
149,004354.wav,004353.wav,004325.wav,004342.wav,,,,,,,,,,,,,,
150,001723.wav,001724.wav,,,,,,,,,,,,,,,,
151,004447.wav,004443.wav,,,,,,,,,,,,,,,,
152,003641.wav,003621.wav,,,,,,,,,,,,,,,,
153,003037.wav,003038.wav,003073.wav,003074.wav,,,,,,,,,,,,,,
154,004314.wav,002303.wav,002302.wav,,,,,,,,,,,,,,,
155,004350.wav,004330.wav,,,,,,,,,,,,,,,,
156,003740.wav,003672.wav,003739.wav,003673.wav,003671.wav,,,,,,,,,,,,,
157,001930.wav,001923.wav,,,,,,,,,,,,,,,,
158,003180.wav,003213.wav,,,,,,,,,,,,,,,,
159,001615.wav,001616.wav,001618.wav,,,,,,,,,,,,,,,
160,002593.wav,002576.wav,,,,,,,,,,,,,,,,
161,004498.wav,004577.wav,,,,,,,,,,,,,,,,
162,003422.wav,003392.wav,,,,,,,,,,,,,,,,
163,003414.wav,003384.wav,003413.wav,003383.wav,,,,,,,,,,,,,,
164,002678.wav,002656.wav,,,,,,,,,,,,,,,,
165,004225.wav,004232.wav,,,,,,,,,,,,,,,,
166,003482.wav,003527.wav,,,,,,,,,,,,,,,,
167,004903.wav,004893.wav,,,,,,,,,,,,,,,,
168,004061.wav,004072.wav,,,,,,,,,,,,,,,,
169,004369.wav,004368.wav,004373.wav,004370.wav,,,,,,,,,,,,,,
170,000186.wav,000185.wav,000187.wav,,,,,,,,,,,,,,,
171,004090.wav,004088.wav,004089.wav,,,,,,,,,,,,,,,
172,002348.wav,002358.wav,002354.wav,,,,,,,,,,,,,,,
173,002964.wav,002963.wav,003001.wav,003000.wav,,,,,,,,,,,,,,
174,000458.wav,000468.wav,,,,,,,,,,,,,,,,
175,003538.wav,003574.wav,,,,,,,,,,,,,,,,
176,003516.wav,003471.wav,,,,,,,,,,,,,,,,
177,003575.wav,003539.wav,,,,,,,,,,,,,,,,
178,004901.wav,004891.wav,004912.wav,,,,,,,,,,,,,,,
179,003326.wav,003283.wav,,,,,,,,,,,,,,,,
180,001947.wav,001952.wav,,,,,,,,,,,,,,,,
181,002630.wav,000934.wav,002607.wav,,,,,,,,,,,,,,,
182,003494.wav,003449.wav,,,,,,,,,,,,,,,,
183,002688.wav,002720.wav,,,,,,,,,,,,,,,,
184,003287.wav,003335.wav,003292.wav,003318.wav,003330.wav,003334.wav,003315.wav,003275.wav,,,,,,,,,,
185,000936.wav,002609.wav,002632.wav,,,,,,,,,,,,,,,
186,002915.wav,002866.wav,,,,,,,,,,,,,,,,
187,002265.wav,002264.wav,002272.wav,,,,,,,,,,,,,,,
188,002743.wav,002711.wav,,,,,,,,,,,,,,,,
189,001890.wav,001891.wav,001889.wav,,,,,,,,,,,,,,,
190,003931.wav,003913.wav,,,,,,,,,,,,,,,,
191,004300.wav,004322.wav,002309.wav,004297.wav,002286.wav,002311.wav,002285.wav,,,,,,,,,,,
192,003226.wav,003193.wav,,,,,,,,,,,,,,,,
193,002170.wav,002169.wav,,,,,,,,,,,,,,,,
194,004551.wav,004552.wav,,,,,,,,,,,,,,,,
195,002619.wav,002642.wav,000946.wav,,,,,,,,,,,,,,,
196,003654.wav,003722.wav,,,,,,,,,,,,,,,,
197,003622.wav,003642.wav,,,,,,,,,,,,,,,,
198,003435.wav,003406.wav,003436.wav,003405.wav,,,,,,,,,,,,,,
199,003544.wav,003580.wav,,,,,,,,,,,,,,,,
200,003288.wav,003289.wav,003331.wav,,,,,,,,,,,,,,,
201,004346.wav,004343.wav,,,,,,,,,,,,,,,,
202,001395.wav,001392.wav,001393.wav,001394.wav,,,,,,,,,,,,,,
203,001710.wav,001741.wav,001742.wav,001709.wav,001740.wav,001691.wav,001692.wav,,,,,,,,,,,
204,003348.wav,003376.wav,003372.wav,003358.wav,003366.wav,,,,,,,,,,,,,
205,002612.wav,000939.wav,002635.wav,,,,,,,,,,,,,,,
206,004202.wav,004205.wav,,,,,,,,,,,,,,,,
207,004705.wav,004706.wav,004704.wav,,,,,,,,,,,,,,,
208,002659.wav,002681.wav,,,,,,,,,,,,,,,,
209,000483.wav,000481.wav,,,,,,,,,,,,,,,,
210,002864.wav,002913.wav,,,,,,,,,,,,,,,,
211,000945.wav,002641.wav,002618.wav,,,,,,,,,,,,,,,
212,001656.wav,001646.wav,,,,,,,,,,,,,,,,
213,002165.wav,002168.wav,002166.wav,002164.wav,,,,,,,,,,,,,,
214,003261.wav,003304.wav,,,,,,,,,,,,,,,,
215,002861.wav,002910.wav,,,,,,,,,,,,,,,,
216,002652.wav,002674.wav,,,,,,,,,,,,,,,,
217,004400.wav,001483.wav,000001.wav,,,,,,,,,,,,,,,
218,002931.wav,002882.wav,,,,,,,,,,,,,,,,
219,002628.wav,000932.wav,002605.wav,,,,,,,,,,,,,,,
220,000062.wav,000052.wav,,,,,,,,,,,,,,,,
221,001455.wav,001456.wav,,,,,,,,,,,,,,,,
222,001440.wav,001439.wav,001428.wav,,,,,,,,,,,,,,,
223,001478.wav,001480.wav,001477.wav,001475.wav,,,,,,,,,,,,,,
224,000083.wav,000081.wav,,,,,,,,,,,,,,,,
225,002790.wav,002838.wav,,,,,,,,,,,,,,,,
226,002174.wav,002172.wav,,,,,,,,,,,,,,,,
227,002669.wav,002647.wav,,,,,,,,,,,,,,,,
228,004741.wav,004740.wav,,,,,,,,,,,,,,,,
229,002848.wav,002897.wav,,,,,,,,,,,,,,,,
230,001415.wav,001436.wav,001425.wav,001416.wav,001427.wav,,,,,,,,,,,,,
231,000121.wav,000120.wav,,,,,,,,,,,,,,,,
232,003012.wav,003005.wav,002993.wav,002968.wav,002969.wav,003006.wav,002975.wav,003013.wav,002976.wav,002956.wav,,,,,,,,
233,003599.wav,003563.wav,,,,,,,,,,,,,,,,
234,003623.wav,003643.wav,,,,,,,,,,,,,,,,
235,001818.wav,001819.wav,001821.wav,001820.wav,,,,,,,,,,,,,,
236,000146.wav,000147.wav,000145.wav,,,,,,,,,,,,,,,
237,002682.wav,002660.wav,,,,,,,,,,,,,,,,
238,003440.wav,003410.wav,,,,,,,,,,,,,,,,
239,003434.wav,003404.wav,,,,,,,,,,,,,,,,
240,003578.wav,003542.wav,,,,,,,,,,,,,,,,
241,002232.wav,004690.wav,004689.wav,,,,,,,,,,,,,,,
242,003678.wav,003746.wav,,,,,,,,,,,,,,,,
243,003204.wav,003237.wav,,,,,,,,,,,,,,,,
244,001982.wav,001981.wav,,,,,,,,,,,,,,,,
245,002826.wav,002778.wav,,,,,,,,,,,,,,,,
246,004576.wav,004497.wav,,,,,,,,,,,,,,,,
247,003235.wav,003232.wav,003202.wav,003199.wav,,,,,,,,,,,,,,
248,003662.wav,003661.wav,003730.wav,,,,,,,,,,,,,,,
249,003925.wav,003902.wav,,,,,,,,,,,,,,,,
250,000903.wav,000902.wav,000901.wav,,,,,,,,,,,,,,,
251,002770.wav,002818.wav,002842.wav,002794.wav,,,,,,,,,,,,,,
252,000909.wav,000910.wav,000911.wav,,,,,,,,,,,,,,,
253,003401.wav,003431.wav,,,,,,,,,,,,,,,,
254,003086.wav,003028.wav,003051.wav,003045.wav,003080.wav,,,,,,,,,,,,,
255,000935.wav,002608.wav,002631.wav,,,,,,,,,,,,,,,
256,001588.wav,001587.wav,001589.wav,,,,,,,,,,,,,,,
257,002202.wav,002201.wav,,,,,,,,,,,,,,,,
258,004659.wav,004644.wav,,,,,,,,,,,,,,,,
259,002874.wav,002923.wav,,,,,,,,,,,,,,,,
260,004103.wav,004093.wav,004092.wav,,,,,,,,,,,,,,,
261,004208.wav,004201.wav,,,,,,,,,,,,,,,,
262,004169.wav,004170.wav,004163.wav,,,,,,,,,,,,,,,
263,002113.wav,002118.wav,002112.wav,002121.wav,002119.wav,002122.wav,,,,,,,,,,,,
264,002585.wav,002568.wav,,,,,,,,,,,,,,,,
265,002981.wav,002947.wav,002944.wav,002945.wav,002984.wav,002982.wav,,,,,,,,,,,,
266,004149.wav,004145.wav,004141.wav,004146.wav,004147.wav,004137.wav,004140.wav,004148.wav,,,,,,,,,,
267,003656.wav,003724.wav,003723.wav,,,,,,,,,,,,,,,
268,000387.wav,000374.wav,,,,,,,,,,,,,,,,
269,002664.wav,002686.wav,,,,,,,,,,,,,,,,
270,003137.wav,003095.wav,,,,,,,,,,,,,,,,
271,003121.wav,003163.wav,003145.wav,003103.wav,,,,,,,,,,,,,,
272,003067.wav,003066.wav,,,,,,,,,,,,,,,,
273,004906.wav,004905.wav,,,,,,,,,,,,,,,,
274,002844.wav,002796.wav,,,,,,,,,,,,,,,,
275,003453.wav,003498.wav,,,,,,,,,,,,,,,,
276,002426.wav,002563.wav,002439.wav,002550.wav,,,,,,,,,,,,,,
277,004579.wav,004580.wav,,,,,,,,,,,,,,,,
278,004476.wav,004474.wav,004475.wav,,,,,,,,,,,,,,,
279,003056.wav,003021.wav,003057.wav,,,,,,,,,,,,,,,
280,004892.wav,004913.wav,004902.wav,,,,,,,,,,,,,,,
281,003033.wav,003034.wav,,,,,,,,,,,,,,,,
282,003530.wav,003485.wav,,,,,,,,,,,,,,,,
283,002880.wav,002929.wav,,,,,,,,,,,,,,,,
284,001728.wav,001731.wav,,,,,,,,,,,,,,,,
285,003474.wav,003519.wav,,,,,,,,,,,,,,,,
286,000888.wav,000889.wav,,,,,,,,,,,,,,,,
287,002056.wav,002057.wav,,,,,,,,,,,,,,,,
288,004296.wav,002289.wav,004308.wav,002297.wav,,,,,,,,,,,,,,
289,004381.wav,004846.wav,004380.wav,004382.wav,,,,,,,,,,,,,,
290,003763.wav,003762.wav,003692.wav,003760.wav,003693.wav,003761.wav,003694.wav,003695.wav,,,,,,,,,,
291,000778.wav,000791.wav,,,,,,,,,,,,,,,,
292,002870.wav,002919.wav,,,,,,,,,,,,,,,,
293,002326.wav,002325.wav,,,,,,,,,,,,,,,,
294,002623.wav,002600.wav,000927.wav,,,,,,,,,,,,,,,
295,000831.wav,000836.wav,,,,,,,,,,,,,,,,
296,004328.wav,004348.wav,004327.wav,004329.wav,,,,,,,,,,,,,,
297,001978.wav,001975.wav,001976.wav,001983.wav,001974.wav,001977.wav,,,,,,,,,,,,
298,002136.wav,002135.wav,002137.wav,,,,,,,,,,,,,,,
299,002675.wav,002653.wav,,,,,,,,,,,,,,,,
300,004231.wav,004219.wav,,,,,,,,,,,,,,,,
301,000933.wav,002606.wav,002629.wav,,,,,,,,,,,,,,,
302,003399.wav,003429.wav,,,,,,,,,,,,,,,,
303,002972.wav,003009.wav,,,,,,,,,,,,,,,,
304,004493.wav,004572.wav,,,,,,,,,,,,,,,,
305,002736.wav,002704.wav,,,,,,,,,,,,,,,,
306,004217.wav,004216.wav,,,,,,,,,,,,,,,,
307,002670.wav,002648.wav,,,,,,,,,,,,,,,,
308,001466.wav,001468.wav,001467.wav,,,,,,,,,,,,,,,
309,002868.wav,002917.wav,,,,,,,,,,,,,,,,
310,004056.wav,004062.wav,,,,,,,,,,,,,,,,
311,002992.wav,002955.wav,,,,,,,,,,,,,,,,
312,003200.wav,003234.wav,003233.wav,003201.wav,,,,,,,,,,,,,,
313,001531.wav,001532.wav,001533.wav,,,,,,,,,,,,,,,
314,004561.wav,000178.wav,004560.wav,000166.wav,000164.wav,000165.wav,,,,,,,,,,,,
315,000434.wav,000433.wav,000435.wav,,,,,,,,,,,,,,,
316,003454.wav,003499.wav,,,,,,,,,,,,,,,,
317,003329.wav,003266.wav,003286.wav,003309.wav,,,,,,,,,,,,,,
318,003525.wav,003480.wav,,,,,,,,,,,,,,,,
319,003912.wav,003934.wav,003930.wav,,,,,,,,,,,,,,,
320,002937.wav,002888.wav,,,,,,,,,,,,,,,,
321,003822.wav,003835.wav,,,,,,,,,,,,,,,,
322,002160.wav,002159.wav,,,,,,,,,,,,,,,,
323,002280.wav,002263.wav,,,,,,,,,,,,,,,,
324,001337.wav,001336.wav,,,,,,,,,,,,,,,,
325,002700.wav,002732.wav,,,,,,,,,,,,,,,,
326,004286.wav,004288.wav,004273.wav,,,,,,,,,,,,,,,
327,001497.wav,001494.wav,001498.wav,001501.wav,001491.wav,001488.wav,,,,,,,,,,,,
328,004255.wav,004248.wav,004254.wav,,,,,,,,,,,,,,,
329,003081.wav,003063.wav,,,,,,,,,,,,,,,,
330,002267.wav,002266.wav,002268.wav,,,,,,,,,,,,,,,
331,003506.wav,003461.wav,,,,,,,,,,,,,,,,
332,003757.wav,003689.wav,,,,,,,,,,,,,,,,
333,003707.wav,003775.wav,003708.wav,,,,,,,,,,,,,,,
334,000925.wav,002621.wav,002598.wav,,,,,,,,,,,,,,,
335,003590.wav,003554.wav,,,,,,,,,,,,,,,,
336,004568.wav,004489.wav,,,,,,,,,,,,,,,,
337,003483.wav,003528.wav,,,,,,,,,,,,,,,,
338,001637.wav,001638.wav,,,,,,,,,,,,,,,,
339,004155.wav,004180.wav,,,,,,,,,,,,,,,,
340,003219.wav,003186.wav,,,,,,,,,,,,,,,,
341,004186.wav,004187.wav,,,,,,,,,,,,,,,,
342,003374.wav,003356.wav,003346.wav,,,,,,,,,,,,,,,
343,003647.wav,003648.wav,,,,,,,,,,,,,,,,
344,003010.wav,002973.wav,,,,,,,,,,,,,,,,
345,001519.wav,001516.wav,001518.wav,001517.wav,001515.wav,,,,,,,,,,,,,
346,003712.wav,003645.wav,,,,,,,,,,,,,,,,
347,002883.wav,002932.wav,,,,,,,,,,,,,,,,
348,000377.wav,000375.wav,,,,,,,,,,,,,,,,
349,004585.wav,004582.wav,,,,,,,,,,,,,,,,
350,002901.wav,002852.wav,,,,,,,,,,,,,,,,
351,003735.wav,003667.wav,,,,,,,,,,,,,,,,
352,003604.wav,003624.wav,,,,,,,,,,,,,,,,
353,004200.wav,004210.wav,004199.wav,004209.wav,,,,,,,,,,,,,,
354,003936.wav,003935.wav,003908.wav,,,,,,,,,,,,,,,
355,003716.wav,003649.wav,,,,,,,,,,,,,,,,
356,000070.wav,000071.wav,,,,,,,,,,,,,,,,
357,002930.wav,002881.wav,,,,,,,,,,,,,,,,
358,002250.wav,002249.wav,002244.wav,002252.wav,,,,,,,,,,,,,,
359,000007.wav,000006.wav,,,,,,,,,,,,,,,,
360,002879.wav,002928.wav,,,,,,,,,,,,,,,,
361,004263.wav,004278.wav,004281.wav,,,,,,,,,,,,,,,
362,001469.wav,001464.wav,,,,,,,,,,,,,,,,
363,002579.wav,002596.wav,,,,,,,,,,,,,,,,
364,003607.wav,003627.wav,,,,,,,,,,,,,,,,
365,002849.wav,002898.wav,,,,,,,,,,,,,,,,
366,000076.wav,000078.wav,,,,,,,,,,,,,,,,
367,002965.wav,003002.wav,,,,,,,,,,,,,,,,
368,002663.wav,002685.wav,,,,,,,,,,,,,,,,
369,003631.wav,003611.wav,003630.wav,003610.wav,,,,,,,,,,,,,,
370,002217.wav,002213.wav,002218.wav,,,,,,,,,,,,,,,
371,001092.wav,001093.wav,,,,,,,,,,,,,,,,
372,005005.wav,004987.wav,005004.wav,004986.wav,,,,,,,,,,,,,,
373,002876.wav,002925.wav,,,,,,,,,,,,,,,,
374,002752.wav,002800.wav,,,,,,,,,,,,,,,,
375,001512.wav,001513.wav,,,,,,,,,,,,,,,,
376,003393.wav,003423.wav,,,,,,,,,,,,,,,,
377,002529.wav,002543.wav,002419.wav,002542.wav,002406.wav,002533.wav,002418.wav,,,,,,,,,,,
378,002219.wav,002220.wav,,,,,,,,,,,,,,,,
379,000116.wav,000117.wav,,,,,,,,,,,,,,,,
380,003820.wav,003833.wav,,,,,,,,,,,,,,,,
381,002847.wav,002896.wav,,,,,,,,,,,,,,,,
382,002143.wav,002145.wav,002144.wav,,,,,,,,,,,,,,,
383,004841.wav,004479.wav,,,,,,,,,,,,,,,,
384,000931.wav,002627.wav,002604.wav,,,,,,,,,,,,,,,
385,000871.wav,000872.wav,,,,,,,,,,,,,,,,
386,004518.wav,004517.wav,,,,,,,,,,,,,,,,
387,002753.wav,002801.wav,,,,,,,,,,,,,,,,
388,004406.wav,004405.wav,004407.wav,,,,,,,,,,,,,,,
389,004426.wav,004408.wav,004409.wav,004414.wav,,,,,,,,,,,,,,
390,004660.wav,004661.wav,,,,,,,,,,,,,,,,
391,003601.wav,003565.wav,,,,,,,,,,,,,,,,
392,004600.wav,004599.wav,004613.wav,,,,,,,,,,,,,,,
393,002707.wav,002739.wav,,,,,,,,,,,,,,,,
394,000314.wav,000322.wav,,,,,,,,,,,,,,,,
395,000128.wav,000139.wav,,,,,,,,,,,,,,,,
396,003370.wav,003352.wav,,,,,,,,,,,,,,,,
397,003061.wav,003029.wav,,,,,,,,,,,,,,,,
398,002860.wav,002909.wav,,,,,,,,,,,,,,,,
399,002689.wav,002721.wav,,,,,,,,,,,,,,,,
400,002574.wav,002591.wav,,,,,,,,,,,,,,,,
401,002625.wav,000929.wav,002602.wav,,,,,,,,,,,,,,,
402,003769.wav,003702.wav,003701.wav,,,,,,,,,,,,,,,
403,004564.wav,000184.wav,,,,,,,,,,,,,,,,
404,003016.wav,003015.wav,002979.wav,002978.wav,,,,,,,,,,,,,,
405,003403.wav,003433.wav,,,,,,,,,,,,,,,,
406,000282.wav,000285.wav,,,,,,,,,,,,,,,,
407,002714.wav,002747.wav,002746.wav,,,,,,,,,,,,,,,
408,004691.wav,004699.wav,004698.wav,,,,,,,,,,,,,,,
409,002435.wav,002559.wav,,,,,,,,,,,,,,,,
410,003156.wav,003114.wav,,,,,,,,,,,,,,,,
411,004419.wav,004422.wav,,,,,,,,,,,,,,,,
412,002283.wav,004294.wav,002284.wav,,,,,,,,,,,,,,,
413,000792.wav,000789.wav,000776.wav,,,,,,,,,,,,,,,
414,002846.wav,002895.wav,,,,,,,,,,,,,,,,
415,004070.wav,004060.wav,,,,,,,,,,,,,,,,
416,002331.wav,002330.wav,,,,,,,,,,,,,,,,
417,000832.wav,000833.wav,,,,,,,,,,,,,,,,
418,003270.wav,003268.wav,003313.wav,,,,,,,,,,,,,,,
419,003007.wav,002977.wav,002970.wav,003014.wav,,,,,,,,,,,,,,
420,004393.wav,004394.wav,004411.wav,,,,,,,,,,,,,,,
421,002566.wav,002583.wav,,,,,,,,,,,,,,,,
422,004127.wav,004128.wav,,,,,,,,,,,,,,,,
423,000876.wav,000877.wav,,,,,,,,,,,,,,,,
424,001708.wav,001689.wav,,,,,,,,,,,,,,,,
425,004425.wav,004401.wav,004413.wav,,,,,,,,,,,,,,,
426,003680.wav,003748.wav,,,,,,,,,,,,,,,,
427,000787.wav,000774.wav,,,,,,,,,,,,,,,,
428,002156.wav,002157.wav,002158.wav,,,,,,,,,,,,,,,
429,003320.wav,003344.wav,003300.wav,003296.wav,003302.wav,003276.wav,003339.wav,003301.wav,003277.wav,,,,,,,,,
430,004251.wav,004252.wav,004250.wav,004247.wav,004249.wav,,,,,,,,,,,,,
431,001180.wav,001238.wav,,,,,,,,,,,,,,,,
432,002760.wav,002808.wav,,,,,,,,,,,,,,,,
433,003240.wav,003251.wav,,,,,,,,,,,,,,,,
434,004679.wav,004680.wav,,,,,,,,,,,,,,,,
435,002756.wav,002804.wav,,,,,,,,,,,,,,,,
436,003209.wav,003176.wav,,,,,,,,,,,,,,,,
437,001843.wav,001842.wav,,,,,,,,,,,,,,,,
438,003513.wav,003468.wav,,,,,,,,,,,,,,,,
439,003588.wav,003552.wav,,,,,,,,,,,,,,,,
440,003098.wav,003140.wav,,,,,,,,,,,,,,,,
441,003459.wav,003504.wav,,,,,,,,,,,,,,,,
442,002862.wav,002911.wav,,,,,,,,,,,,,,,,
443,002828.wav,002780.wav,,,,,,,,,,,,,,,,
444,002927.wav,002878.wav,,,,,,,,,,,,,,,,
445,000926.wav,002622.wav,002599.wav,,,,,,,,,,,,,,,
446,002889.wav,002938.wav,,,,,,,,,,,,,,,,
447,003558.wav,003594.wav,,,,,,,,,,,,,,,,
448,003397.wav,003427.wav,,,,,,,,,,,,,,,,
449,001774.wav,001753.wav,001760.wav,,,,,,,,,,,,,,,
450,002726.wav,002694.wav,,,,,,,,,,,,,,,,
451,003003.wav,002966.wav,,,,,,,,,,,,,,,,
452,001476.wav,001479.wav,,,,,,,,,,,,,,,,
453,004410.wav,004404.wav,,,,,,,,,,,,,,,,
454,003467.wav,003512.wav,,,,,,,,,,,,,,,,
455,003402.wav,003432.wav,,,,,,,,,,,,,,,,
456,003774.wav,003706.wav,,,,,,,,,,,,,,,,
457,002856.wav,002905.wav,,,,,,,,,,,,,,,,
458,003555.wav,003591.wav,,,,,,,,,,,,,,,,
459,003171.wav,003129.wav,,,,,,,,,,,,,,,,
460,002146.wav,002147.wav,,,,,,,,,,,,,,,,
461,000567.wav,000566.wav,,,,,,,,,,,,,,,,
462,002836.wav,002788.wav,,,,,,,,,,,,,,,,
463,002912.wav,002863.wav,,,,,,,,,,,,,,,,
464,001696.wav,001715.wav,,,,,,,,,,,,,,,,
465,003758.wav,003690.wav,,,,,,,,,,,,,,,,
466,004037.wav,004021.wav,,,,,,,,,,,,,,,,
467,000162.wav,000175.wav,,,,,,,,,,,,,,,,
468,004336.wav,004333.wav,,,,,,,,,,,,,,,,
469,001202.wav,001203.wav,,,,,,,,,,,,,,,,
470,002558.wav,002434.wav,,,,,,,,,,,,,,,,
471,003238.wav,003249.wav,,,,,,,,,,,,,,,,
472,002807.wav,002759.wav,,,,,,,,,,,,,,,,
473,002640.wav,002617.wav,000944.wav,,,,,,,,,,,,,,,
474,003254.wav,003243.wav,,,,,,,,,,,,,,,,
475,004495.wav,004574.wav,,,,,,,,,,,,,,,,
476,000208.wav,000207.wav,,,,,,,,,,,,,,,,
477,002396.wav,002521.wav,002397.wav,002520.wav,,,,,,,,,,,,,,
478,002262.wav,002271.wav,002279.wav,,,,,,,,,,,,,,,
479,004504.wav,004505.wav,,,,,,,,,,,,,,,,
480,003385.wav,003415.wav,,,,,,,,,,,,,,,,
481,002260.wav,002245.wav,,,,,,,,,,,,,,,,
482,003250.wav,003239.wav,,,,,,,,,,,,,,,,
483,002645.wav,002667.wav,,,,,,,,,,,,,,,,
484,000519.wav,000520.wav,,,,,,,,,,,,,,,,
485,002062.wav,002063.wav,,,,,,,,,,,,,,,,
486,002841.wav,002793.wav,,,,,,,,,,,,,,,,
487,002487.wav,002488.wav,,,,,,,,,,,,,,,,
488,002989.wav,002952.wav,,,,,,,,,,,,,,,,
489,003291.wav,003271.wav,003314.wav,001574.wav,,,,,,,,,,,,,,
490,003059.wav,003023.wav,,,,,,,,,,,,,,,,
491,002786.wav,002816.wav,002840.wav,002768.wav,002834.wav,,,,,,,,,,,,,
492,003280.wav,003323.wav,,,,,,,,,,,,,,,,
493,002519.wav,002395.wav,,,,,,,,,,,,,,,,
494,004720.wav,004719.wav,,,,,,,,,,,,,,,,
495,005002.wav,004981.wav,,,,,,,,,,,,,,,,
496,001525.wav,001530.wav,001524.wav,001534.wav,,,,,,,,,,,,,,
497,003759.wav,003691.wav,,,,,,,,,,,,,,,,
498,002943.wav,002894.wav,,,,,,,,,,,,,,,,
499,003082.wav,003079.wav,003047.wav,,,,,,,,,,,,,,,
500,002671.wav,002649.wav,,,,,,,,,,,,,,,,
501,001836.wav,001837.wav,,,,,,,,,,,,,,,,
502,001057.wav,001058.wav,001056.wav,001068.wav,,,,,,,,,,,,,,
503,002338.wav,002318.wav,,,,,,,,,,,,,,,,
504,003062.wav,003084.wav,003083.wav,003027.wav,,,,,,,,,,,,,,
505,001329.wav,001330.wav,,,,,,,,,,,,,,,,
506,003375.wav,003365.wav,003357.wav,,,,,,,,,,,,,,,
507,002047.wav,002048.wav,,,,,,,,,,,,,,,,
508,004766.wav,004765.wav,,,,,,,,,,,,,,,,
509,000041.wav,000042.wav,,,,,,,,,,,,,,,,
510,002624.wav,002601.wav,000928.wav,,,,,,,,,,,,,,,
511,003879.wav,003880.wav,,,,,,,,,,,,,,,,
512,001804.wav,001803.wav,,,,,,,,,,,,,,,,
513,002971.wav,003008.wav,,,,,,,,,,,,,,,,
514,003175.wav,003208.wav,,,,,,,,,,,,,,,,
515,002751.wav,002799.wav,,,,,,,,,,,,,,,,
516,001390.wav,001391.wav,,,,,,,,,,,,,,,,
517,002530.wav,002409.wav,002531.wav,002407.wav,,,,,,,,,,,,,,
518,003236.wav,003203.wav,,,,,,,,,,,,,,,,
519,003044.wav,003048.wav,003049.wav,,,,,,,,,,,,,,,
520,002782.wav,002830.wav,,,,,,,,,,,,,,,,
521,003646.wav,003714.wav,,,,,,,,,,,,,,,,
522,002151.wav,002150.wav,000306.wav,,,,,,,,,,,,,,,
523,003177.wav,003210.wav,,,,,,,,,,,,,,,,
524,004738.wav,004737.wav,,,,,,,,,,,,,,,,
525,002587.wav,002570.wav,,,,,,,,,,,,,,,,
526,001762.wav,001764.wav,,,,,,,,,,,,,,,,
527,004184.wav,001744.wav,,,,,,,,,,,,,,,,
528,002261.wav,002247.wav,,,,,,,,,,,,,,,,
529,001351.wav,001349.wav,,,,,,,,,,,,,,,,
530,001375.wav,001377.wav,001376.wav,001379.wav,001378.wav,,,,,,,,,,,,,
531,002783.wav,002831.wav,,,,,,,,,,,,,,,,
532,004371.wav,004372.wav,,,,,,,,,,,,,,,,
533,001255.wav,001258.wav,,,,,,,,,,,,,,,,
534,004338.wav,004337.wav,004339.wav,,,,,,,,,,,,,,,
535,001444.wav,001454.wav,001443.wav,001445.wav,,,,,,,,,,,,,,
536,004838.wav,004839.wav,,,,,,,,,,,,,,,,
537,004570.wav,004491.wav,,,,,,,,,,,,,,,,
538,001772.wav,001751.wav,001758.wav,,,,,,,,,,,,,,,
539,001306.wav,001307.wav,,,,,,,,,,,,,,,,
540,002427.wav,002552.wav,002551.wav,,,,,,,,,,,,,,,
541,003183.wav,003216.wav,,,,,,,,,,,,,,,,
542,003705.wav,003773.wav,,,,,,,,,,,,,,,,
543,003178.wav,003211.wav,,,,,,,,,,,,,,,,
544,002693.wav,002725.wav,,,,,,,,,,,,,,,,
545,002668.wav,002646.wav,,,,,,,,,,,,,,,,
546,002921.wav,002872.wav,,,,,,,,,,,,,,,,
547,002995.wav,002958.wav,,,,,,,,,,,,,,,,
548,002679.wav,002657.wav,,,,,,,,,,,,,,,,
549,001914.wav,001912.wav,,,,,,,,,,,,,,,,
550,003603.wav,003567.wav,,,,,,,,,,,,,,,,
551,003126.wav,003168.wav,,,,,,,,,,,,,,,,
552,003281.wav,003324.wav,,,,,,,,,,,,,,,,
553,002639.wav,000943.wav,002616.wav,,,,,,,,,,,,,,,
554,002903.wav,002854.wav,,,,,,,,,,,,,,,,
555,003274.wav,003317.wav,,,,,,,,,,,,,,,,
556,003244.wav,003255.wav,,,,,,,,,,,,,,,,
557,000043.wav,000064.wav,000065.wav,,,,,,,,,,,,,,,
558,003153.wav,003143.wav,,,,,,,,,,,,,,,,
559,003475.wav,003520.wav,,,,,,,,,,,,,,,,
560,003699.wav,003767.wav,,,,,,,,,,,,,,,,
561,000221.wav,000222.wav,,,,,,,,,,,,,,,,
562,000025.wav,000020.wav,,,,,,,,,,,,,,,,
563,002581.wav,002564.wav,,,,,,,,,,,,,,,,
564,000039.wav,000038.wav,,,,,,,,,,,,,,,,
565,003408.wav,003407.wav,003437.wav,003438.wav,,,,,,,,,,,,,,
566,003096.wav,003138.wav,,,,,,,,,,,,,,,,
567,000304.wav,000048.wav,,,,,,,,,,,,,,,,
568,003541.wav,003577.wav,,,,,,,,,,,,,,,,
569,003488.wav,003443.wav,,,,,,,,,,,,,,,,
570,001833.wav,001830.wav,,,,,,,,,,,,,,,,
571,003155.wav,003113.wav,,,,,,,,,,,,,,,,
572,004663.wav,004662.wav,,,,,,,,,,,,,,,,
573,000454.wav,000466.wav,000467.wav,,,,,,,,,,,,,,,
574,002553.wav,002429.wav,,,,,,,,,,,,,,,,
575,003218.wav,003185.wav,,,,,,,,,,,,,,,,
576,003465.wav,003510.wav,,,,,,,,,,,,,,,,
577,000227.wav,000226.wav,000225.wav,,,,,,,,,,,,,,,
578,003586.wav,003550.wav,,,,,,,,,,,,,,,,
579,002805.wav,002757.wav,,,,,,,,,,,,,,,,
580,002819.wav,002771.wav,,,,,,,,,,,,,,,,
581,000177.wav,004562.wav,,,,,,,,,,,,,,,,
582,001465.wav,004150.wav,,,,,,,,,,,,,,,,
583,003533.wav,003569.wav,,,,,,,,,,,,,,,,
584,003547.wav,003583.wav,,,,,,,,,,,,,,,,
585,002887.wav,002936.wav,,,,,,,,,,,,,,,,
586,000142.wav,000131.wav,000141.wav,,,,,,,,,,,,,,,
587,004649.wav,004648.wav,,,,,,,,,,,,,,,,
588,000113.wav,000112.wav,,,,,,,,,,,,,,,,
589,002614.wav,002637.wav,000941.wav,,,,,,,,,,,,,,,
590,003241.wav,003252.wav,,,,,,,,,,,,,,,,
591,003102.wav,003120.wav,003162.wav,,,,,,,,,,,,,,,
592,004927.wav,004928.wav,,,,,,,,,,,,,,,,
593,002515.wav,002514.wav,002513.wav,,,,,,,,,,,,,,,
594,001979.wav,001980.wav,,,,,,,,,,,,,,,,
595,002344.wav,002313.wav,002345.wav,002312.wav,,,,,,,,,,,,,,
596,003768.wav,003700.wav,,,,,,,,,,,,,,,,
597,003400.wav,003430.wav,,,,,,,,,,,,,,,,
598,003495.wav,003450.wav,,,,,,,,,,,,,,,,
599,004076.wav,004057.wav,,,,,,,,,,,,,,,,
600,002719.wav,002687.wav,,,,,,,,,,,,,,,,
601,004157.wav,004166.wav,004156.wav,004168.wav,004167.wav,,,,,,,,,,,,,
602,002205.wav,002203.wav,002204.wav,,,,,,,,,,,,,,,
603,000790.wav,000777.wav,,,,,,,,,,,,,,,,
604,004053.wav,004052.wav,,,,,,,,,,,,,,,,
605,002680.wav,002658.wav,,,,,,,,,,,,,,,,
606,003421.wav,003391.wav,,,,,,,,,,,,,,,,
607,003473.wav,003518.wav,,,,,,,,,,,,,,,,
608,002738.wav,002706.wav,,,,,,,,,,,,,,,,
609,003360.wav,003378.wav,003350.wav,,,,,,,,,,,,,,,
610,002522.wav,002398.wav,,,,,,,,,,,,,,,,
611,002492.wav,002493.wav,,,,,,,,,,,,,,,,
612,000462.wav,000461.wav,,,,,,,,,,,,,,,,
613,003545.wav,003581.wav,,,,,,,,,,,,,,,,
614,004096.wav,004086.wav,004097.wav,004085.wav,,,,,,,,,,,,,,
615,002575.wav,002592.wav,,,,,,,,,,,,,,,,
616,003579.wav,003543.wav,,,,,,,,,,,,,,,,
617,002011.wav,001999.wav,,,,,,,,,,,,,,,,
618,003325.wav,003282.wav,,,,,,,,,,,,,,,,
619,003663.wav,003731.wav,,,,,,,,,,,,,,,,
620,004784.wav,004785.wav,004113.wav,,,,,,,,,,,,,,,
621,001401.wav,001402.wav,,,,,,,,,,,,,,,,
622,003336.wav,003293.wav,,,,,,,,,,,,,,,,
623,002620.wav,002597.wav,000924.wav,,,,,,,,,,,,,,,
624,000376.wav,000389.wav,,,,,,,,,,,,,,,,
625,004875.wav,000099.wav,,,,,,,,,,,,,,,,
626,003462.wav,003507.wav,,,,,,,,,,,,,,,,
627,000978.wav,000977.wav,,,,,,,,,,,,,,,,
628,003616.wav,003637.wav,003615.wav,003617.wav,003636.wav,003635.wav,,,,,,,,,,,,
629,001648.wav,001658.wav,,,,,,,,,,,,,,,,
630,003303.wav,003260.wav,,,,,,,,,,,,,,,,
631,002703.wav,002735.wav,,,,,,,,,,,,,,,,
632,001593.wav,001594.wav,,,,,,,,,,,,,,,,
633,002942.wav,002893.wav,,,,,,,,,,,,,,,,
634,005014.wav,005013.wav,,,,,,,,,,,,,,,,
635,002961.wav,002998.wav,,,,,,,,,,,,,,,,
636,003466.wav,003511.wav,,,,,,,,,,,,,,,,
637,003686.wav,003754.wav,,,,,,,,,,,,,,,,
638,004792.wav,004781.wav,004793.wav,,,,,,,,,,,,,,,
639,003017.wav,002980.wav,,,,,,,,,,,,,,,,
640,000805.wav,000806.wav,,,,,,,,,,,,,,,,
641,000416.wav,000406.wav,000417.wav,000405.wav,000418.wav,,,,,,,,,,,,,
642,004162.wav,004178.wav,004179.wav,,,,,,,,,,,,,,,
643,002468.wav,002481.wav,002455.wav,,,,,,,,,,,,,,,
644,003501.wav,003456.wav,,,,,,,,,,,,,,,,
645,004206.wav,004207.wav,,,,,,,,,,,,,,,,
646,003064.wav,003087.wav,,,,,,,,,,,,,,,,
647,003771.wav,003703.wav,,,,,,,,,,,,,,,,
648,003011.wav,002974.wav,,,,,,,,,,,,,,,,
649,001526.wav,001529.wav,,,,,,,,,,,,,,,,
650,003941.wav,003942.wav,,,,,,,,,,,,,,,,
651,003119.wav,003101.wav,003161.wav,,,,,,,,,,,,,,,
652,003713.wav,003644.wav,,,,,,,,,,,,,,,,
653,001186.wav,001178.wav,,,,,,,,,,,,,,,,
654,003710.wav,003778.wav,003777.wav,,,,,,,,,,,,,,,
655,003257.wav,003246.wav,,,,,,,,,,,,,,,,
656,004453.wav,004434.wav,,,,,,,,,,,,,,,,
657,005003.wav,004982.wav,,,,,,,,,,,,,,,,
658,002773.wav,002821.wav,,,,,,,,,,,,,,,,
659,003184.wav,003217.wav,,,,,,,,,,,,,,,,
660,003099.wav,003117.wav,003159.wav,003100.wav,,,,,,,,,,,,,,
661,002779.wav,002827.wav,,,,,,,,,,,,,,,,
662,004416.wav,004415.wav,004402.wav,,,,,,,,,,,,,,,
663,002696.wav,002728.wav,,,,,,,,,,,,,,,,
664,004754.wav,004753.wav,,,,,,,,,,,,,,,,
665,001596.wav,001597.wav,,,,,,,,,,,,,,,,
666,004530.wav,004516.wav,,,,,,,,,,,,,,,,
667,003736.wav,003668.wav,,,,,,,,,,,,,,,,
668,002444.wav,002457.wav,,,,,,,,,,,,,,,,
669,003448.wav,003493.wav,,,,,,,,,,,,,,,,
670,003548.wav,003584.wav,,,,,,,,,,,,,,,,
671,002710.wav,002742.wav,,,,,,,,,,,,,,,,
672,001109.wav,001108.wav,,,,,,,,,,,,,,,,
673,000788.wav,000775.wav,,,,,,,,,,,,,,,,
674,004863.wav,000100.wav,,,,,,,,,,,,,,,,
675,002258.wav,002257.wav,,,,,,,,,,,,,,,,
676,003509.wav,003464.wav,,,,,,,,,,,,,,,,
677,002988.wav,002951.wav,,,,,,,,,,,,,,,,
678,002347.wav,002357.wav,002353.wav,,,,,,,,,,,,,,,
679,003248.wav,003259.wav,,,,,,,,,,,,,,,,
680,002673.wav,002651.wav,,,,,,,,,,,,,,,,
681,004535.wav,004523.wav,,,,,,,,,,,,,,,,
682,001052.wav,001082.wav,,,,,,,,,,,,,,,,
683,003444.wav,003489.wav,,,,,,,,,,,,,,,,
684,001496.wav,001493.wav,001495.wav,,,,,,,,,,,,,,,
685,001005.wav,001006.wav,,,,,,,,,,,,,,,,
686,001570.wav,001571.wav,,,,,,,,,,,,,,,,
687,004993.wav,004994.wav,,,,,,,,,,,,,,,,
688,004565.wav,004567.wav,004566.wav,,,,,,,,,,,,,,,
689,002723.wav,002691.wav,,,,,,,,,,,,,,,,
690,001112.wav,001111.wav,,,,,,,,,,,,,,,,
691,002403.wav,002527.wav,,,,,,,,,,,,,,,,
692,004130.wav,004131.wav,,,,,,,,,,,,,,,,
693,003172.wav,003205.wav,001752.wav,,,,,,,,,,,,,,,
694,001698.wav,001717.wav,,,,,,,,,,,,,,,,
695,002577.wav,002594.wav,,,,,,,,,,,,,,,,
696,004985.wav,005006.wav,,,,,,,,,,,,,,,,
697,002371.wav,002364.wav,,,,,,,,,,,,,,,,
698,004463.wav,004464.wav,,,,,,,,,,,,,,,,
699,003247.wav,003258.wav,,,,,,,,,,,,,,,,
700,000448.wav,000449.wav,004939.wav,,,,,,,,,,,,,,,
701,002748.wav,002716.wav,,,,,,,,,,,,,,,,
702,003529.wav,003484.wav,,,,,,,,,,,,,,,,
703,000373.wav,000386.wav,,,,,,,,,,,,,,,,
704,002545.wav,002421.wav,002544.wav,002420.wav,,,,,,,,,,,,,,
705,002643.wav,002665.wav,,,,,,,,,,,,,,,,
706,003536.wav,003572.wav,,,,,,,,,,,,,,,,
707,001707.wav,001688.wav,,,,,,,,,,,,,,,,
708,002950.wav,002987.wav,,,,,,,,,,,,,,,,
709,002683.wav,002661.wav,,,,,,,,,,,,,,,,
710,004386.wav,004384.wav,,,,,,,,,,,,,,,,
711,002869.wav,002918.wav,,,,,,,,,,,,,,,,
712,002811.wav,002763.wav,,,,,,,,,,,,,,,,
713,001720.wav,001727.wav,,,,,,,,,,,,,,,,
714,003343.wav,003319.wav,,,,,,,,,,,,,,,,
715,001343.wav,001344.wav,,,,,,,,,,,,,,,,
716,004761.wav,004762.wav,,,,,,,,,,,,,,,,
717,003517.wav,003472.wav,,,,,,,,,,,,,,,,
718,002588.wav,002571.wav,,,,,,,,,,,,,,,,
719,002908.wav,002859.wav,,,,,,,,,,,,,,,,
720,004015.wav,004014.wav,,,,,,,,,,,,,,,,
721,000140.wav,000129.wav,,,,,,,,,,,,,,,,
722,004019.wav,000711.wav,,,,,,,,,,,,,,,,
723,003633.wav,003613.wav,,,,,,,,,,,,,,,,
724,001374.wav,001373.wav,,,,,,,,,,,,,,,,
725,001036.wav,001037.wav,,,,,,,,,,,,,,,,
726,003596.wav,003560.wav,,,,,,,,,,,,,,,,
727,002404.wav,002528.wav,002408.wav,,,,,,,,,,,,,,,
728,003398.wav,003428.wav,,,,,,,,,,,,,,,,
729,002941.wav,002892.wav,,,,,,,,,,,,,,,,
730,003093.wav,003135.wav,,,,,,,,,,,,,,,,
731,001340.wav,001341.wav,,,,,,,,,,,,,,,,
732,003207.wav,003174.wav,,,,,,,,,,,,,,,,
733,003478.wav,003523.wav,,,,,,,,,,,,,,,,
734,004077.wav,004078.wav,,,,,,,,,,,,,,,,
735,003224.wav,003181.wav,003214.wav,003191.wav,,,,,,,,,,,,,,
736,002997.wav,002960.wav,,,,,,,,,,,,,,,,
737,003720.wav,003719.wav,003652.wav,,,,,,,,,,,,,,,
738,000168.wav,000169.wav,,,,,,,,,,,,,,,,
739,003390.wav,003420.wav,,,,,,,,,,,,,,,,
740,000093.wav,000094.wav,,,,,,,,,,,,,,,,
741,004717.wav,004707.wav,,,,,,,,,,,,,,,,
742,004309.wav,002298.wav,,,,,,,,,,,,,,,,
743,001643.wav,001653.wav,,,,,,,,,,,,,,,,
744,002802.wav,002754.wav,,,,,,,,,,,,,,,,
745,003285.wav,003328.wav,,,,,,,,,,,,,,,,
746,003305.wav,003262.wav,,,,,,,,,,,,,,,,
747,003688.wav,003756.wav,,,,,,,,,,,,,,,,
748,000475.wav,000474.wav,,,,,,,,,,,,,,,,
749,002655.wav,002677.wav,,,,,,,,,,,,,,,,
750,002316.wav,002332.wav,002336.wav,,,,,,,,,,,,,,,
751,003526.wav,003481.wav,,,,,,,,,,,,,,,,
752,001675.wav,001680.wav,,,,,,,,,,,,,,,,
753,003612.wav,003632.wav,,,,,,,,,,,,,,,,
754,002582.wav,002565.wav,,,,,,,,,,,,,,,,
755,004778.wav,004779.wav,,,,,,,,,,,,,,,,
756,003182.wav,003215.wav,,,,,,,,,,,,,,,,
757,002672.wav,002650.wav,,,,,,,,,,,,,,,,
758,004420.wav,004421.wav,,,,,,,,,,,,,,,,
759,003227.wav,003194.wav,,,,,,,,,,,,,,,,
760,004941.wav,004942.wav,,,,,,,,,,,,,,,,
761,003608.wav,003628.wav,,,,,,,,,,,,,,,,
762,003426.wav,003396.wav,,,,,,,,,,,,,,,,
763,004181.wav,004182.wav,,,,,,,,,,,,,,,,
764,003460.wav,003505.wav,,,,,,,,,,,,,,,,
765,003476.wav,003521.wav,,,,,,,,,,,,,,,,
766,002803.wav,002755.wav,,,,,,,,,,,,,,,,
767,003639.wav,003619.wav,,,,,,,,,,,,,,,,
768,004365.wav,004364.wav,,,,,,,,,,,,,,,,
769,000504.wav,000505.wav,,,,,,,,,,,,,,,,
770,002875.wav,002924.wav,,,,,,,,,,,,,,,,
771,002953.wav,002990.wav,,,,,,,,,,,,,,,,
772,002485.wav,002484.wav,,,,,,,,,,,,,,,,
773,004239.wav,004240.wav,004222.wav,,,,,,,,,,,,,,,
774,004203.wav,004204.wav,,,,,,,,,,,,,,,,
775,004123.wav,004108.wav,,,,,,,,,,,,,,,,
776,003206.wav,003173.wav,,,,,,,,,,,,,,,,
777,001500.wav,001499.wav,,,,,,,,,,,,,,,,
778,002644.wav,002666.wav,,,,,,,,,,,,,,,,
779,002301.wav,004312.wav,,,,,,,,,,,,,,,,
780,003546.wav,003582.wav,,,,,,,,,,,,,,,,
781,002823.wav,002775.wav,,,,,,,,,,,,,,,,
782,002355.wav,004423.wav,,,,,,,,,,,,,,,,
783,003457.wav,003502.wav,,,,,,,,,,,,,,,,
784,002899.wav,002850.wav,,,,,,,,,,,,,,,,
785,001771.wav,001750.wav,,,,,,,,,,,,,,,,
786,002359.wav,002361.wav,,,,,,,,,,,,,,,,
787,001437.wav,001426.wav,001438.wav,,,,,,,,,,,,,,,
788,003745.wav,003677.wav,,,,,,,,,,,,,,,,
789,002784.wav,002832.wav,,,,,,,,,,,,,,,,
790,003245.wav,003256.wav,,,,,,,,,,,,,,,,
791,003447.wav,003492.wav,,,,,,,,,,,,,,,,
792,003561.wav,003597.wav,,,,,,,,,,,,,,,,
793,001591.wav,001590.wav,,,,,,,,,,,,,,,,
794,002590.wav,002573.wav,,,,,,,,,,,,,,,,
795,001069.wav,001067.wav,,,,,,,,,,,,,,,,
796,002369.wav,002368.wav,,,,,,,,,,,,,,,,
797,002761.wav,002809.wav,,,,,,,,,,,,,,,,
798,003439.wav,003409.wav,,,,,,,,,,,,,,,,
799,002206.wav,002208.wav,,,,,,,,,,,,,,,,
800,002237.wav,002238.wav,,,,,,,,,,,,,,,,
801,002741.wav,002709.wav,,,,,,,,,,,,,,,,
802,002813.wav,002765.wav,,,,,,,,,,,,,,,,
803,003744.wav,003676.wav,,,,,,,,,,,,,,,,
804,002193.wav,002196.wav,,,,,,,,,,,,,,,,
805,002822.wav,002774.wav,,,,,,,,,,,,,,,,
806,004080.wav,004081.wav,,,,,,,,,,,,,,,,
807,003229.wav,003196.wav,,,,,,,,,,,,,,,,
808,002430.wav,002554.wav,,,,,,,,,,,,,,,,
809,001397.wav,001398.wav,,,,,,,,,,,,,,,,
810,002996.wav,002959.wav,,,,,,,,,,,,,,,,
811,003195.wav,003228.wav,,,,,,,,,,,,,,,,
812,004283.wav,004282.wav,,,,,,,,,,,,,,,,
813,003122.wav,003104.wav,003146.wav,,,,,,,,,,,,,,,
814,002329.wav,002328.wav,,,,,,,,,,,,,,,,
815,002414.wav,002538.wav,,,,,,,,,,,,,,,,
816,004713.wav,004712.wav,,,,,,,,,,,,,,,,
817,003212.wav,003179.wav,,,,,,,,,,,,,,,,
818,003322.wav,003279.wav,,,,,,,,,,,,,,,,
819,002433.wav,002557.wav,,,,,,,,,,,,,,,,
820,001670.wav,001671.wav,,,,,,,,,,,,,,,,
821,002584.wav,002567.wav,,,,,,,,,,,,,,,,
822,002187.wav,002183.wav,,,,,,,,,,,,,,,,
823,001459.wav,001460.wav,,,,,,,,,,,,,,,,
824,002586.wav,002569.wav,,,,,,,,,,,,,,,,
825,004790.wav,004791.wav,,,,,,,,,,,,,,,,
826,003600.wav,003564.wav,,,,,,,,,,,,,,,,
827,003452.wav,003497.wav,,,,,,,,,,,,,,,,
828,003169.wav,003127.wav,,,,,,,,,,,,,,,,
829,003316.wav,003273.wav,003310.wav,003267.wav,003337.wav,003294.wav,,,,,,,,,,,,
830,002867.wav,002916.wav,,,,,,,,,,,,,,,,
831,003416.wav,003386.wav,003387.wav,,,,,,,,,,,,,,,
832,000202.wav,000216.wav,,,,,,,,,,,,,,,,
833,002858.wav,002907.wav,,,,,,,,,,,,,,,,
834,004847.wav,004848.wav,,,,,,,,,,,,,,,,
835,001654.wav,001644.wav,,,,,,,,,,,,,,,,
836,003985.wav,003960.wav,,,,,,,,,,,,,,,,
837,003469.wav,003514.wav,,,,,,,,,,,,,,,,
838,002983.wav,002946.wav,,,,,,,,,,,,,,,,
839,002920.wav,002871.wav,,,,,,,,,,,,,,,,
840,002290.wav,004301.wav,,,,,,,,,,,,,,,,
841,001333.wav,001332.wav,,,,,,,,,,,,,,,,
842,003479.wav,003524.wav,,,,,,,,,,,,,,,,
843,002787.wav,002835.wav,002817.wav,002769.wav,,,,,,,,,,,,,,
844,003568.wav,003532.wav,,,,,,,,,,,,,,,,
845,000982.wav,000985.wav,,,,,,,,,,,,,,,,
846,002463.wav,002464.wav,,,,,,,,,,,,,,,,
847,001630.wav,001633.wav,,,,,,,,,,,,,,,,
848,003382.wav,003412.wav,,,,,,,,,,,,,,,,
849,002884.wav,002933.wav,,,,,,,,,,,,,,,,
850,003573.wav,003537.wav,,,,,,,,,,,,,,,,
851,002474.wav,002475.wav,,,,,,,,,,,,,,,,
852,004502.wav,004843.wav,,,,,,,,,,,,,,,,
853,002940.wav,002891.wav,,,,,,,,,,,,,,,,
854,004494.wav,004573.wav,,,,,,,,,,,,,,,,
855,003534.wav,003570.wav,,,,,,,,,,,,,,,,
856,000473.wav,000476.wav,000472.wav,,,,,,,,,,,,,,,
857,004569.wav,004490.wav,,,,,,,,,,,,,,,,
858,001668.wav,001669.wav,,,,,,,,,,,,,,,,
859,001326.wav,001327.wav,,,,,,,,,,,,,,,,
860,004238.wav,004237.wav,,,,,,,,,,,,,,,,
861,003634.wav,003614.wav,,,,,,,,,,,,,,,,
862,003726.wav,003658.wav,,,,,,,,,,,,,,,,
863,000415.wav,000403.wav,,,,,,,,,,,,,,,,
864,002906.wav,002857.wav,,,,,,,,,,,,,,,,
865,003451.wav,003496.wav,,,,,,,,,,,,,,,,
866,003553.wav,003589.wav,,,,,,,,,,,,,,,,
867,002764.wav,002812.wav,,,,,,,,,,,,,,,,
868,003307.wav,003264.wav,,,,,,,,,,,,,,,,
869,003470.wav,003515.wav,,,,,,,,,,,,,,,,
870,002722.wav,002690.wav,,,,,,,,,,,,,,,,
871,004751.wav,004752.wav,,,,,,,,,,,,,,,,
872,003367.wav,003349.wav,003377.wav,,,,,,,,,,,,,,,
873,001716.wav,001697.wav,,,,,,,,,,,,,,,,
874,001915.wav,001916.wav,,,,,,,,,,,,,,,,
875,000542.wav,000539.wav,,,,,,,,,,,,,,,,
876,003557.wav,003593.wav,,,,,,,,,,,,,,,,
877,002781.wav,002829.wav,,,,,,,,,,,,,,,,
878,000163.wav,000176.wav,,,,,,,,,,,,,,,,
879,004316.wav,002305.wav,002304.wav,,,,,,,,,,,,,,,
880,003704.wav,003772.wav,,,,,,,,,,,,,,,,
881,001490.wav,001489.wav,,,,,,,,,,,,,,,,
882,002886.wav,002935.wav,,,,,,,,,,,,,,,,
883,002766.wav,002814.wav,,,,,,,,,,,,,,,,
884,002443.wav,002456.wav,,,,,,,,,,,,,,,,
885,000022.wav,000023.wav,,,,,,,,,,,,,,,,
886,003888.wav,003889.wav,,,,,,,,,,,,,,,,
887,004109.wav,004125.wav,,,,,,,,,,,,,,,,
888,004845.wav,004506.wav,,,,,,,,,,,,,,,,
889,002985.wav,002948.wav,,,,,,,,,,,,,,,,
890,000230.wav,000231.wav,,,,,,,,,,,,,,,,
891,000450.wav,000443.wav,000451.wav,,,,,,,,,,,,,,,
892,003054.wav,003019.wav,,,,,,,,,,,,,,,,
893,001320.wav,001321.wav,,,,,,,,,,,,,,,,
894,003192.wav,003225.wav,,,,,,,,,,,,,,,,
895,004619.wav,004603.wav,,,,,,,,,,,,,,,,
896,002797.wav,002749.wav,,,,,,,,,,,,,,,,
897,002789.wav,002837.wav,,,,,,,,,,,,,,,,
898,001059.wav,001061.wav,,,,,,,,,,,,,,,,
899,000444.wav,000469.wav,,,,,,,,,,,,,,,,
900,002724.wav,002692.wav,,,,,,,,,,,,,,,,
901,000004.wav,000003.wav,,,,,,,,,,,,,,,,
902,003442.wav,003487.wav,,,,,,,,,,,,,,,,
903,003188.wav,003221.wav,,,,,,,,,,,,,,,,
904,004126.wav,004132.wav,,,,,,,,,,,,,,,,
905,002185.wav,002184.wav,,,,,,,,,,,,,,,,
906,002589.wav,002572.wav,,,,,,,,,,,,,,,,
907,004359.wav,004377.wav,,,,,,,,,,,,,,,,
908,003418.wav,003388.wav,,,,,,,,,,,,,,,,
909,003566.wav,003602.wav,,,,,,,,,,,,,,,,
910,002865.wav,002914.wav,,,,,,,,,,,,,,,,
911,001482.wav,001481.wav,,,,,,,,,,,,,,,,
912,003327.wav,003284.wav,,,,,,,,,,,,,,,,
913,003039.wav,003040.wav,,,,,,,,,,,,,,,,
914,002701.wav,002733.wav,,,,,,,,,,,,,,,,
